{"is_source_file": true, "format": "JavaScript (React JSX)", "description": "This file serves as the entry point for a React-based web application, initializing the React DOM root and rendering the main App component inside a StrictMode wrapper.", "external_files": ["react", "react-dom/client", "./index.css", "./App"], "external_methods": ["ReactDOM.createRoot", "root.render"], "published": ["React", "ReactDOM", "root"], "classes": [], "methods": [{"name": "ReactDOM.createRoot", "description": "Creates a React root for rendering components into the DOM."}, {"name": "root.render", "description": "Renders React elements into the DOM using the created root."}], "calls": ["ReactDOM.createRoot", "root.render", "React.StrictMode", "App"], "search-terms": ["React", "ReactDOM", "index.js", "entry point", "render", "StrictMode", "App component"], "state": 2, "file_id": 7, "knowledge_revision": 23, "git_revision": "837a00d37ec790e9c48476f37a10d27e50a9bc7f", "ctags": [{"_type": "tag", "name": "root", "path": "/home/kavia/workspace/code-generation/health-metrics-pro-201512-201521/bmi_frontend/src/index.js", "pattern": "/^const root = ReactDOM.createRoot(document.getElementById('root'));$/", "language": "JavaScript", "kind": "constant"}], "hash": "9fc5841375336fc175b49f8767a11383", "format-version": 4, "code-base-name": "bmi_frontend", "filename": "bmi_frontend/src/index.js", "revision_history": [{"23": "837a00d37ec790e9c48476f37a10d27e50a9bc7f"}]}