{"is_source_file": true, "format": "JavaScript (React JSX)", "description": "This file defines a React functional component named App, which manages a theme state ('light' or 'dark') and provides a toggle button to switch themes. It applies the selected theme as an attribute on the document element and renders a basic UI with a logo, theme toggle button, and some informational content.", "external_files": ["./logo.svg", "./App.css"], "external_methods": ["document.documentElement.setAttribute"], "published": ["App"], "classes": [], "methods": [{"name": "App()", "description": "React functional component managing theme state and rendering UI.", "scope": "", "scopeKind": ""}, {"name": "toggleTheme", "description": "Function that toggles the theme between 'light' and 'dark'."}], "calls": ["useState", "useEffect", "document.documentElement.setAttribute", "setTheme", "prevTheme => prevTheme === 'light' ? 'dark' : 'light'"], "search-terms": ["React functional component", "theme toggle", "useState", "useEffect", "document attribute theme"], "state": 2, "file_id": 5, "knowledge_revision": 24, "git_revision": "837a00d37ec790e9c48476f37a10d27e50a9bc7f", "ctags": [{"_type": "tag", "name": "App", "path": "/home/kavia/workspace/code-generation/health-metrics-pro-201512-201521/bmi_frontend/src/App.js", "pattern": "/^function App() {$/", "language": "JavaScript", "kind": "function", "signature": "()"}, {"_type": "tag", "name": "Switch to ${theme === 'light' ? 'dark' : 'light'} mode", "path": "/home/kavia/workspace/code-generation/health-metrics-pro-201512-201521/bmi_frontend/src/App.js", "pattern": "/^          aria-label={`Switch to ${theme === 'light' ? 'dark' : 'light'} mode`}$/", "language": "JavaScript", "kind": "field", "scope": "App.aria", "scopeKind": "class"}, {"_type": "tag", "name": "toggleTheme", "path": "/home/kavia/workspace/code-generation/health-metrics-pro-201512-201521/bmi_frontend/src/App.js", "pattern": "/^          onClick={toggleTheme}$/", "language": "JavaScript", "kind": "field", "scope": "App.onClick", "scopeKind": "class"}], "hash": "b55dd9e6a018e59207d8e277dffd9e11", "format-version": 4, "code-base-name": "bmi_frontend", "filename": "bmi_frontend/src/App.js", "fields": [{"name": "aria-label={`Switch to ${theme === 'light' ? 'dark' : 'light'} mode`}", "scope": "App.aria", "scopeKind": "class", "description": "unavailable"}, {"name": "onClick={toggleTheme}", "scope": "App.onClick", "scopeKind": "class", "description": "unavailable"}], "revision_history": [{"24": "837a00d37ec790e9c48476f37a10d27e50a9bc7f"}]}