{"is_source_file": false, "format": "", "description": "", "external_files": [], "external_methods": [], "published": [], "classes": [], "methods": [], "calls": [], "search-terms": [], "state": 2, "file_id": 4, "knowledge_revision": 14, "git_revision": "837a00d37ec790e9c48476f37a10d27e50a9bc7f", "hash": "ebece526bc2eadd78ddd787a76c56607", "format-version": 4, "code-base-name": "bmi_frontend", "filename": "bmi_frontend/README.md", "revision_history": [{"14": "837a00d37ec790e9c48476f37a10d27e50a9bc7f"}]}