{"is_source_file": false, "format": "", "description": "", "external_files": [], "external_methods": [], "published": [], "classes": [], "methods": [], "calls": [], "search-terms": [], "state": 2, "file_id": 9, "knowledge_revision": 18, "git_revision": "837a00d37ec790e9c48476f37a10d27e50a9bc7f", "hash": "6c2104b8d219ed99234ae2d6329f4357", "format-version": 4, "code-base-name": "bmi_frontend", "filename": "bmi_frontend/src/index.css", "revision_history": [{"18": "837a00d37ec790e9c48476f37a10d27e50a9bc7f"}]}