{"is_source_file": false, "format": "", "description": "", "external_files": [], "external_methods": [], "published": [], "classes": [], "methods": [], "calls": [], "search-terms": [], "state": 2, "file_id": 12, "knowledge_revision": 25, "git_revision": "837a00d37ec790e9c48476f37a10d27e50a9bc7f", "hash": "d001d53c059625c4bcf75bf5a7f3fcf0", "format-version": 4, "code-base-name": "bmi_frontend", "filename": "bmi_frontend/package.json", "revision_history": [{"25": "837a00d37ec790e9c48476f37a10d27e50a9bc7f"}]}