{"is_source_file": false, "format": "", "description": "", "external_files": [], "external_methods": [], "published": [], "classes": [], "methods": [], "calls": [], "search-terms": [], "state": 2, "file_id": 2, "knowledge_revision": 16, "git_revision": "837a00d37ec790e9c48476f37a10d27e50a9bc7f", "hash": "d2b40d02d5f7873d8a6713bad837edd4", "format-version": 4, "code-base-name": "bmi_frontend", "filename": "bmi_frontend/public/index.html", "revision_history": [{"16": "837a00d37ec790e9c48476f37a10d27e50a9bc7f"}]}