{"is_source_file": false, "format": "", "description": "", "external_files": [], "external_methods": [], "published": [], "classes": [], "methods": [], "calls": [], "search-terms": [], "state": 2, "file_id": 6, "knowledge_revision": 19, "git_revision": "837a00d37ec790e9c48476f37a10d27e50a9bc7f", "hash": "22f9e17cc1848b56dbb244518ac2707e", "format-version": 4, "code-base-name": "bmi_frontend", "filename": "bmi_frontend/src/App.css", "revision_history": [{"19": "837a00d37ec790e9c48476f37a10d27e50a9bc7f"}]}