{"is_source_file": true, "format": "JavaScript", "description": "This file is a test setup file for configuring custom jest matchers from '@testing-library/jest-dom' to enhance testing capabilities for DOM nodes in a JavaScript project.", "external_files": ["@testing-library/jest-dom"], "external_methods": [], "published": [], "classes": [], "methods": [], "calls": ["import('@testing-library/jest-dom')"], "search-terms": ["setupTests.js", "jest-dom", "custom jest matchers", "testing-library"], "state": 2, "file_id": 8, "knowledge_revision": 20, "git_revision": "837a00d37ec790e9c48476f37a10d27e50a9bc7f", "ctags": [], "hash": "1a77571e1a8cf36018a41bcedf60db75", "format-version": 4, "code-base-name": "bmi_frontend", "filename": "bmi_frontend/src/setupTests.js", "revision_history": [{"20": "837a00d37ec790e9c48476f37a10d27e50a9bc7f"}]}