{"is_source_file": false, "format": "", "description": "", "external_files": [], "external_methods": [], "published": [], "classes": [], "methods": [], "calls": [], "search-terms": [], "state": 2, "file_id": 3, "knowledge_revision": 15, "git_revision": "837a00d37ec790e9c48476f37a10d27e50a9bc7f", "hash": "d9d975cebe2ec20b6c652e1e4c12ccf0", "format-version": 4, "code-base-name": "bmi_frontend", "filename": "bmi_frontend/public/manifest.json", "revision_history": [{"15": "837a00d37ec790e9c48476f37a10d27e50a9bc7f"}]}