{"is_source_file": true, "format": "JavaScript module (.mjs)", "description": "ESLint configuration file for a JavaScript/React project, defining file patterns, parser options, globals, and plugin rules.", "external_files": ["@eslint/js", "eslint-plugin-react"], "external_methods": [], "published": [], "classes": [], "methods": [{"name": "default export (array of configuration objects)", "description": "Exports an array of ESLint configuration objects, specifying file patterns, language options, globals, and plugin rules."}], "calls": ["import pluginJs from \"@eslint/js\"", "import pluginReact from \"eslint-plugin-react\""], "search-terms": ["eslint.config.mjs", "eslint", "pluginJs", "pluginReact", "file patterns", "parserOptions", "globals", "rules", "plugins", "react", "configuration"], "state": 2, "file_id": 11, "knowledge_revision": 22, "git_revision": "837a00d37ec790e9c48476f37a10d27e50a9bc7f", "hash": "be6538e7523bc2e9da0743133d784136", "format-version": 4, "code-base-name": "bmi_frontend", "filename": "bmi_frontend/eslint.config.mjs", "revision_history": [{"22": "837a00d37ec790e9c48476f37a10d27e50a9bc7f"}]}