{"is_source_file": false, "format": "", "description": "", "external_files": [], "external_methods": [], "published": [], "classes": [], "methods": [], "calls": [], "search-terms": ["README.md", "health-metrics-pro", "201512", "201521"], "state": 2, "file_id": 1, "knowledge_revision": 17, "git_revision": "24d127188f67acb3ec46a7154e9fb5f20496196a", "hash": "e2454bf979b025bd6f7a0d56236125ec", "format-version": 4, "code-base-name": "bmi_frontend", "filename": "README.md", "revision_history": [{"17": "24d127188f67acb3ec46a7154e9fb5f20496196a"}]}